relid,date,title,classification,system_name,deploying_body,vendor,application_domain,technology_type,lifecycle_stage,mention_type,evidence_sentence,notes
284566,2026-02-19,New Delhi Frontier AI Commitments,NOT_DEPLOYMENT,,,,,,,policy,,Step 1 fail: voluntary commitments by AI firms at a summit. No system. Pure policy/aspiration.
277508,2025-10-14,IndiaAI Face Authentication Challenge,DEPLOYMENT,"AI face authentication & de-duplication for public examinations (unnamed, in procurement)","IndiaAI / Digital India Corporation, MeitY",TBD - challenge winners,education,"facial verification, one-to-many matching, automated duplicate detection",tendered,procurement,"This challenge invites startups and companies to develop a highly accurate, secure, and scalable AI-enabled solution for image verification and application de-duplication... Up to two top teams may be awarded a two-year contract and up to INR 1 Crore for final solution deployment.","BORDERLINE. Codebook tension: 'R&D prototypes out' vs 'announcements with no deployment evidence -> in, announced'. Coded IN: it is a procurement with a 2-year contract and a named deployment target (public examinations), not open research."
258424,2024-08-08,AI Bharat 5G/6G Hackathon,NOT_DEPLOYMENT,,,,,,,policy,,Hackathon/competition event. No deployed system. Adjacent to the 'AI training programmes: out' rule.
214560,2020-08-14,ATL AI Step-Up Module (schools),NOT_DEPLOYMENT,,,,,,,policy,,Explicit scope rule: AI training programmes are out. This is school curriculum.
239453,2023-02-27,UIDAI fingerprint liveness detection,DEPLOYMENT,"AI/ML fingerprint liveness detection for Aadhaar authentication (in-house, unnamed)","Unique Identification Authority of India (UIDAI), MeitY",,welfare,AI/ML combining finger minutia + finger image for liveness / spoof detection,operational,deployment,The Unique Identification Authority of India (UIDAI) under the Ministry of Electronics & IT has successfully rolled out a new security mechanism for Aadhaar based fingerprint authentication... The artificial intelligence and machine learning (AI/ML) based security mechanism developed in-house is now using a combination of both finger minutia and finger image to check the liveness of the finger print captured.,"CLEAREST CASE IN SAMPLE. In-house, live, at scale (~70M authentications/day). Domain spans welfare/finance/telecom; coded welfare because the release cites welfare benefits and Aadhaar-enabled payments."
220309,2021-03-18,US-India AI Initiative (USIAI),NOT_DEPLOYMENT,,,,,,,policy,,"Bilateral R&D cooperation platform: roundtables, workshops, white papers. No system."
229649,2022-01-11,AI water-purification start-up (Swajal),NOT_DEPLOYMENT,,,,,,,policy,,"BORDERLINE - REVIEW. Real AI system ('Clairvoyant' optimises purification, predicts breakdowns) but deployed by Swajal, a private firm. Government role is TDB funding + MoU, i.e. funder, not client or operator. Step 2 requires government to deploy/procure/contract/operate. If you count government co-funding as procurement, this flips to DEPLOYMENT."
261347,2024-10-18,"VP address, ISB Leadership Summit",NOT_DEPLOYMENT,,,,,,,policy,,Speech. AI named only as a disruptive technology in rhetoric.
251735,2023-12-24,"VP speech, Gautam Buddha University",NOT_DEPLOYMENT,,,,,,,policy,,Convocation speech. AI/ML mentioned as general capability.
284467,2026-02-17,AI for ALL Global Impact Challenge,NOT_DEPLOYMENT,,,,,,,policy,,Summit challenge; the top-10 winners are private firms. No government deployment described.
216577,2020-11-07,"PM address, IIT Delhi convocation",NOT_DEPLOYMENT,,,,,,,policy,,Speech. Deep Learning/AI listed as emerging fields for youth.
272723,2025-07-10,"VP address, CII-ITC Sustainability Awards",NOT_DEPLOYMENT,,,,,,,policy,,Speech on sustainability; DPI/UPI/Aadhaar named but no AI system deployed.
238765,2022-10-04,Digital India Conference of State IT Ministers,NOT_DEPLOYMENT,,,,,,,policy,,"BORDERLINE. Names real systems (Bhashini, MyScheme) but only as conference session topics and demos. No deployment described in this release."
229226,2021-12-28,"PM address, IIT Kanpur convocation",NOT_DEPLOYMENT,,,,,,,policy,,Speech.
217990,2021-01-02,MeitY Year End Review 2020,DEPLOYMENT,MyGov chatbots - Saathi Chat Bot and WhatsApp Chatbot,MyGov / Ministry of Electronics & IT,,other,chatbot / conversational interface,operational,review,"MyGov platform reached over 1.45 crore registered users... key initiatives include Saathi Chat Bot, Positive Harmonies, MyGov Podcast Fact Checker, Whatsapp Chatbot, Telegram outreach etc.",Scope rule: 'Chatbots deployed by government: in.' Citizen-facing on a platform with 1.45 crore users. RAISE 2020 summit in the same release is NOT a deployment.
281738,2026-01-01,MCA Year-end review 2025,NOT_DEPLOYMENT,,,,,,,review,,"Two near-misses: (a) MCA-21/NSDL/PFMS 'single automated workflow' = automation with no learning component -> out by scope rule; (b) CCI Market Study on AI = a study, not a deployment."
202258,2020-04-14,Smart cities Covid-19 technology,DEPLOYMENT,AI-based video analytics on Agra ICCC (with Agra Lockdown Monitoring App),Agra Smart City Limited / Agra Administration / Agra Police,"existing surveillance vendor (unnamed, CSR)",policing,AI-based video analytics on CCTV feed; automatic alert generation,operational,deployment,"Agra Administration in association with Agra Smart City & Agra Police is making full use of ICCC Control Room established by Agra Smart City Limited... The latest in this effort is the AI based Analytics, the first of its kind combat COVID 19 in Agra... An alert is instantly generated to help the authorities.","Grey-zone rule applied: describable function tied to a specific city. Vadodara helium-balloon surveillance in the same release is EXCLUDED - cameras with human operators, no AI."
240122,2023-03-15,ICCCs in all 100 smart cities [1 of 2],DEPLOYMENT,Automatic Number Plate Recognition (ANPR) + Red Light Violation Detection (RLVD),"Smart Cities Mission, MoHUA + city SPVs (Ahmedabad, Surat, Chandigarh, Kanpur, Ludhiana, Nashik, Saharanpur, Ujjain, Vishakhapatnam)",,transport,"number-plate recognition, violation detection (image/pattern recognition)",operational,deployment,"Out of 100 ICCCs, 30 are working in traffic management and transportation issues such as Adaptive Traffic Control System (ATCS), Integrated Traffic Management System (ITMS), Red Light Violation Detection (RLVD), Automatic Number Plate Recognition System (AnPR), and more.",Enforcement systems that determine penalties -> clears Step 3 decisively.
240122,2023-03-15,ICCCs in all 100 smart cities [2 of 2],DEPLOYMENT,Adaptive Traffic Control System (ATCS) / Integrated Traffic Management System (ITMS),"Smart Cities Mission, MoHUA + city SPVs",,transport,adaptive signal control responding to real-time traffic data,operational,deployment,"Out of 100 ICCCs, 30 are working in traffic management and transportation issues such as Adaptive Traffic Control System (ATCS), Integrated Traffic Management System (ITMS), Red Light Violation Detection (RLVD), Automatic Number Plate Recognition System (AnPR), and more.","Coded separately per codebook (multiple deployments in one release). ATCS adapts to real-time conditions = inference component, but weaker AI evidence than ANPR/RLVD."
289905,2026-06-11,Panchayati Raj e-Governance Awards 2026,DEPLOYMENT,"Eight AI-powered administrative applications, Kadepur Gram Panchayat","Kadepur Gram Panchayat, Kadegaon Taluka, Sangli District, Maharashtra",,other,unspecified 'AI-powered' applications,operational,review,"The Kadepur Gram Panchayat has built an end-to-end digital governance ecosystem, delivering over 1,355 services fully online to more than 4,300 beneficiaries through a completely paperless e-Office, eight AI-powered administrative applications, Blockchain-enabled record management, and GIS-based property geo-tagging.","WEAKEST OF THE SEVEN - most likely to be overruled. Passes Step 1 only on the operational claim (specific body, specific count, 4,300 beneficiaries); FAILS the 'two readers would agree what system' test - no function described. Verify via the release's source link. Panchayat Advancement Index in the same release excluded: an assessment index, not AI."
273633,2025-07-29,Initiatives to curb terrorism,DEPLOYMENT,"AI, Big Data Analytics and Facial Recognition tools for terrorist-network detection (unnamed)",Ministry of Home Affairs / central security agencies,,policing,"artificial intelligence, big data analytics, facial recognition",operational,deployment,"Use of Artificial Intelligence, Big Data Analytics and Facial Recognition Tools to detect terrorist networks and activities.",Grey-zone rule: describable function tied to a specific body. UAVs/drones/satellite surveillance in the same release EXCLUDED - no AI processing described (drone scope rule).
