relid,release_date,title,url,mention_type,is_ai_relevant,is_substantive,n_systems,confidence
290702,2026-07-01,"Prime Minister marks 11 years of Digital India; says initiative has transformed governance, empowered citizens and strengthened the foundation of a Viksit Bharat",https://archive.pib.gov.in/archive2/PrintRelease.aspx?relid=290702,Not AI,1,0,0,0.85
290716,2026-07-01,GAGAN: Navigating India’s Skies with Precision,https://archive.pib.gov.in/archive2/PrintRelease.aspx?relid=290716,Not AI,0,0,0,0.9
290726,2026-07-01,AI studies 100 years of Sun images to track bright solar regions from the Kodaikanal Solar Observatory,https://archive.pib.gov.in/archive2/PrintRelease.aspx?relid=290726,Research,1,1,0,0.85
290730,2026-07-01,NHAI Successfully Launches Multi-Lane Free Flow Tolling System at Manoharpura Toll Plaza on the Delhi-Jaipur Section of NH-48,https://archive.pib.gov.in/archive2/PrintRelease.aspx?relid=290730,Not AI,0,0,0,0.8
290731,2026-07-01,MoU signed between ICAR and the Agriculture Department of Seychelles during Prime Minister's visit,https://archive.pib.gov.in/archive2/PrintRelease.aspx?relid=290731,Not AI,0,0,0,0.9
290732,2026-07-01,"Dr. Jitendra Singh Inaugurates Revamped 52nd Advanced Professional Programme in Public Administration (APPPA) at IIPA; Calls for continuous revamping of teaching curriculum with faculty diversity, institutional collaboration, interactive learning and content update",https://archive.pib.gov.in/archive2/PrintRelease.aspx?relid=290732,Not AI,1,0,0,0.75
290739,2026-07-01,Union Health Minister chairs review meeting of the TB Mukt Bharat Abhiyaan with the Delhi Government,https://archive.pib.gov.in/archive2/PrintRelease.aspx?relid=290739,Talk,1,1,2,0.8
290749,2026-07-01,11 Years of Digital India: Better Healthcare & Digital Markets Making Lives Easier,https://archive.pib.gov.in/archive2/PrintRelease.aspx?relid=290749,AI system,1,1,2,0.75
290759,2026-07-02,MANAS: A Digital Shield Against Drugs,https://archive.pib.gov.in/archive2/PrintRelease.aspx?relid=290759,Not AI,1,0,0,0.6
290765,2026-07-02,English Translation of Prime Minister’s Press Statement during the Joint Press Statement with the Prime Minister of Japan,https://archive.pib.gov.in/archive2/PrintRelease.aspx?relid=290765,Policy,1,1,0,0.7
290775,2026-07-02,"Countdown Begins for Bharat Tex 2026, India's Largest Global Textiles Expo",https://archive.pib.gov.in/archive2/PrintRelease.aspx?relid=290775,Not AI,1,0,0,0.6
290781,2026-07-02,"Centre Amends Drugs Rules, 1945 to Ensure Uniform Regulation of Advanced Cell and Gene Therapies",https://archive.pib.gov.in/archive2/PrintRelease.aspx?relid=290781,Not AI,0,0,0,0.9
290785,2026-07-02,"Human Intelligence Must Lead Artificial Intelligence in Governance, Says Dr Jitendra Singh; Calls AI an Essential Tool for Viksit Bharat 2047",https://archive.pib.gov.in/archive2/PrintRelease.aspx?relid=290785,Talk,1,1,0,0.85
290789,2026-07-02,Big Relief for Parents and Students: Digital platforms make transfer between schools and higher education institutions smoother through seamless access to academic records,https://archive.pib.gov.in/archive2/PrintRelease.aspx?relid=290789,Not AI,0,0,0,0.85
290798,2026-07-02,BHASHINI Showcases Multilingual AI Innovations at NCeG 2026; Launches Rajasthan Language Model Training Hackathon,https://archive.pib.gov.in/archive2/PrintRelease.aspx?relid=290798,AI system,1,1,3,0.9
290803,2026-07-02,English Translation of Prime Minister Narendra Modi’s Address at the India-Japan Business Forum,https://archive.pib.gov.in/archive2/PrintRelease.aspx?relid=290803,Not AI,1,0,0,0.65
290805,2026-07-02,India-Japan Joint Statement on cooperation in the field of Artificial Intelligence (AI),https://archive.pib.gov.in/archive2/PrintRelease.aspx?relid=290805,Policy,1,1,0,0.9
290806,2026-07-02,16th India-Japan Annual Summit Joint Statement,https://archive.pib.gov.in/archive2/PrintRelease.aspx?relid=290806,Policy,1,1,0,0.75
290807,2026-07-02,List of Outcomes: Prime Minister of Japan’s visit to India for the 16th India-Japan Annual Summit,https://archive.pib.gov.in/archive2/PrintRelease.aspx?relid=290807,Policy,1,1,0,0.8
290809,2026-07-03,PM to visit Rajasthan and Gujarat on 4 July,https://archive.pib.gov.in/archive2/PrintRelease.aspx?relid=290809,Not AI,1,0,0,0.7
290811,2026-07-03,"CSIR-NCL Inaugurated its Revamped, State-of-the-Art Skill Development Center",https://archive.pib.gov.in/archive2/PrintRelease.aspx?relid=290811,Not AI,0,0,0,0.9
290815,2026-07-03,UIDAI Enables Free Email Update in Aadhaar through Aadhaar App,https://archive.pib.gov.in/archive2/PrintRelease.aspx?relid=290815,Not AI,0,0,0,0.9
290829,2026-07-03,'Whole of Government' approach calls for convergence of diverse individual and institutional capacities: Dr Jitendra Singh,https://archive.pib.gov.in/archive2/PrintRelease.aspx?relid=290829,Not AI,1,0,0,0.7
290833,2026-07-03,Ministry of Law and Justice to Organise ‘Reforms Utsav & Chintan Shivir 2026’ at Mount Abu,https://archive.pib.gov.in/archive2/PrintRelease.aspx?relid=290833,Not AI,1,0,0,0.75
290841,2026-07-03,ECI holds Second One-Day Conference for Media and Communication Officers,https://archive.pib.gov.in/archive2/PrintRelease.aspx?relid=290841,Talk,1,1,0,0.6
290847,2026-07-04,LokOS: A Digital Backbone for Rural Livelihoods,https://archive.pib.gov.in/archive2/PrintRelease.aspx?relid=290847,Not AI,0,0,0,0.85
290856,2026-07-04,"NSTI (Women), Noida Opens Admissions for NCVET Approved CTS Skill Courses for Academic Session 2026–27",https://archive.pib.gov.in/archive2/PrintRelease.aspx?relid=290856,Training,1,1,0,0.7
290857,2026-07-04,India’s last 12 years have been a progression from shortages to building Viksit Bharat: Raksha Mantri,https://archive.pib.gov.in/archive2/PrintRelease.aspx?relid=290857,Talk,1,1,0,0.75
290860,2026-07-04,"India's Liver Epidemic, Diabetes Surge Part of a Larger Metabolic Nexus; Calls for Mission-Mode Public Awareness: Dr Jitendra Singh",https://archive.pib.gov.in/archive2/PrintRelease.aspx?relid=290860,Not AI,1,0,0,0.7
290864,2026-07-04,"Prime Minister Shri Narendra Modi inaugurates the CG Semi Outsourced Semiconductor Assembly and Test (OSAT) facility in Sanand, Gujarat",https://archive.pib.gov.in/archive2/PrintRelease.aspx?relid=290864,Not AI,1,0,0,0.7
290867,2026-07-04,Reforms Utsav & Chintan Shivir 2026 Begins at Mount Abu,https://archive.pib.gov.in/archive2/PrintRelease.aspx?relid=290867,Not AI,1,0,0,0.75
290869,2026-07-04,Academic Bank of Credits and APAAR,https://archive.pib.gov.in/archive2/PrintRelease.aspx?relid=290869,Not AI,0,0,0,0.9
290870,2026-07-04,"English rendering of PM’s address during inauguration of the CG Semi OSAT facility in Sanand, Gujarat",https://archive.pib.gov.in/archive2/PrintRelease.aspx?relid=290870,Not AI,1,0,0,0.7
290872,2026-07-04,"Prime Minister shares glimpses from inauguration of CG Semi Outsourced Semiconductor Assembly and Test (OSAT) facility in Sanand, Gujarat",https://archive.pib.gov.in/archive2/PrintRelease.aspx?relid=290872,Not AI,1,0,0,0.6
290876,2026-07-05,MY Bharat – Where Digital India Meets Young India,https://archive.pib.gov.in/archive2/PrintRelease.aspx?relid=290876,AI system,1,1,1,0.7
290879,2026-07-05,India to host BRICS Heads of Anti-Drug Agencies meeting on 6–7 July 2026 in Guwahati,https://archive.pib.gov.in/archive2/PrintRelease.aspx?relid=290879,Not AI,0,0,0,0.9
290880,2026-07-05,ICMR wins Gold at National Awards for e-Governance 2026,https://archive.pib.gov.in/archive2/PrintRelease.aspx?relid=290880,AI system,1,1,1,0.75
290882,2026-07-05,India to Chair UNCTAD's Ninth Session of Intergovernmental Group of Experts on Consumer Protection,https://archive.pib.gov.in/archive2/PrintRelease.aspx?relid=290882,Talk,1,1,1,0.7
290896,2026-07-05,Ministry of Law and Justice Concludes ‘Reforms Utsav & Chintan Shivir 2026’; Releases Sankalp Patra to Advance Legal and Legislative Reforms,https://archive.pib.gov.in/archive2/PrintRelease.aspx?relid=290896,Not AI,1,0,0,0.75
290898,2026-07-06,Ayushman Bharat Digital Mission,https://archive.pib.gov.in/archive2/PrintRelease.aspx?relid=290898,AI system,1,1,2,0.75
290904,2026-07-06,"Reforms Utsav & Chintan Shivir 2026 organised by the Ministry of Law and Justice concludes at Mount Abu, Rajasthan",https://archive.pib.gov.in/archive2/PrintRelease.aspx?relid=290904,Not AI,1,0,0,0.75
290909,2026-07-06,Sahkar Se Samriddhi,https://archive.pib.gov.in/archive2/PrintRelease.aspx?relid=290909,AI system,1,1,1,0.65
290916,2026-07-06,India's Steel Sector Records Growth in Q1 FY 2026,https://archive.pib.gov.in/archive2/PrintRelease.aspx?relid=290916,Not AI,1,0,0,0.85
290918,2026-07-06,Union Minister of Commerce and Industry Shri Piyush Goyal says technology-enabled bilingual management education can bridge the rural-urban divide and expand access to quality education,https://archive.pib.gov.in/archive2/PrintRelease.aspx?relid=290918,Talk,1,0,0,0.7
290920,2026-07-06,"Ministry of Tribal Affairs to Organise National Workshop on Strengthening Tribal Research Institutes in Bhubaneswar, Odisha",https://archive.pib.gov.in/archive2/PrintRelease.aspx?relid=290920,Talk,1,1,0,0.6
290933,2026-07-06,Union Minister of Commerce and Industry Shri Piyush Goyal calls upon leather and footwear industry to target at least USD 15 billion in exports in next five to six years,https://archive.pib.gov.in/archive2/PrintRelease.aspx?relid=290933,Talk,1,1,0,0.65
290934,2026-07-06,Union Minister of Commerce and Industry Shri Piyush Goyal calls upon leather and footwear industry to target at least USD 15 billion in exports in next five to six years,https://archive.pib.gov.in/archive2/PrintRelease.aspx?relid=290934,Talk,1,1,0,0.65
290935,2026-07-06,Union Ministry of Health & Family Welfare organized National Multistakeholder Consultation on National Action Plan for Prevention and Control of Zoonoses on the occasion of World Zoonoses Day,https://archive.pib.gov.in/archive2/PrintRelease.aspx?relid=290935,Policy,1,1,0,0.6
290939,2026-07-07,English Translation of Prime Minister’s Press Statement during the Joint Press Statement with the President of Indonesia,https://archive.pib.gov.in/archive2/PrintRelease.aspx?relid=290939,Not AI,1,0,0,0.8
290942,2026-07-07,Prime Minister Shri Narendra Modi announces that IIM Bangalore will establish its campus in Indonesia; Says the campus will greatly benefit the youth across the ASEAN region,https://archive.pib.gov.in/archive2/PrintRelease.aspx?relid=290942,Not AI,1,0,0,0.8
290947,2026-07-07,India to Host 3rd BRICS Transport Ministers’ Meeting in Nagpur on 11th and 12th July 2026,https://archive.pib.gov.in/archive2/PrintRelease.aspx?relid=290947,Not AI,1,0,0,0.8
290960,2026-07-07,India-Indonesia Joint Statement on the State Visit by Prime Minister of India to Indonesia,https://archive.pib.gov.in/archive2/PrintRelease.aspx?relid=290960,Not AI,1,0,0,0.8
290965,2026-07-07,Strengthening India's Toy Ecosystem,https://archive.pib.gov.in/archive2/PrintRelease.aspx?relid=290965,Not AI,1,0,0,0.75
290973,2026-07-07,National Academic Depository (NAD),https://archive.pib.gov.in/archive2/PrintRelease.aspx?relid=290973,Not AI,0,0,0,0.9
290974,2026-07-07,"National Workshop on Strengthening Tribal Research Institutes (TRIs) begins in Bhubaneswar, Odisha",https://archive.pib.gov.in/archive2/PrintRelease.aspx?relid=290974,Talk,1,1,0,0.65
290993,2026-07-08,Poshan Tracker,https://archive.pib.gov.in/archive2/PrintRelease.aspx?relid=290993,AI system,1,1,1,0.75
291001,2026-07-08,NICDC’s Logistics Arm NLDSL and Government of Punjab Sign MoU to Strengthen Digital Logistics Ecosystem,https://archive.pib.gov.in/archive2/PrintRelease.aspx?relid=291001,Not AI,0,0,0,0.85
291003,2026-07-08,Bhubaneswar Declaration adopted as National Workshop on Strengthening Tribal Research Institutes concludes,https://archive.pib.gov.in/archive2/PrintRelease.aspx?relid=291003,Talk,1,1,0,0.6
291004,2026-07-08,AI Intervention holds promise of manifold increase in India's Agriculture Economy; Agri-Startups Hold the Key to the Future of Farming: Dr. Jitendra Singh,https://archive.pib.gov.in/archive2/PrintRelease.aspx?relid=291004,Talk,1,1,0,0.7
291011,2026-07-08,ECI holds Third One-Day Conference for Media and Communication Officers,https://archive.pib.gov.in/archive2/PrintRelease.aspx?relid=291011,Not AI,1,0,0,0.6
291014,2026-07-08,"TEC, the technical arm of DoT, signs MoU with BECIL to Strengthen India’s Telecom and Broadcasting Ecosystem",https://archive.pib.gov.in/archive2/PrintRelease.aspx?relid=291014,Not AI,1,0,0,0.75
291023,2026-07-09,Prime Minister addresses Australia-India CEOs Forum and Economic Roadmap Business event,https://archive.pib.gov.in/archive2/PrintRelease.aspx?relid=291023,Not AI,1,0,0,0.8
291025,2026-07-09,English Translation of Prime Minister’s Address at the Economic Roadmap Business Reception,https://archive.pib.gov.in/archive2/PrintRelease.aspx?relid=291025,Funding,1,1,0,0.55
291029,2026-07-09,"Australia-India Partnership on Cyber, Critical Technologies and Supply Chains (PACTS)",https://archive.pib.gov.in/archive2/PrintRelease.aspx?relid=291029,Policy,1,1,0,0.7
291031,2026-07-09,English Translation of Prime Minister’s Press Statement during the Joint Press Statement with the Prime Minister of Australia,https://archive.pib.gov.in/archive2/PrintRelease.aspx?relid=291031,Not AI,0,0,0,0.7
291044,2026-07-09,Department of Telecommunications' Samriddh Gram Wins WSIS Prize 2026 under Action Line C6 – Enabling Environment,https://archive.pib.gov.in/archive2/PrintRelease.aspx?relid=291044,Not AI,0,0,0,0.9
291046,2026-07-09,"50th Meeting (Phase I) of the National Skills Qualification Committee (NSQC) held under the Chairpersonship of Smt. Debashree Mukherjee, Secretary, MSDE and Chairperson, NCVET",https://archive.pib.gov.in/archive2/PrintRelease.aspx?relid=291046,AI system,1,1,1,0.65
291051,2026-07-09,"Quality Council of India and National Small Industries Corporation Sign MoU to Strengthen Quality, Competitiveness and Market Access for MSMEs",https://archive.pib.gov.in/archive2/PrintRelease.aspx?relid=291051,Not AI,1,0,0,0.7
291053,2026-07-09,Vice President graces the 15th Graduation Ceremony of the National Institute of Science Education and Research (NISER),https://archive.pib.gov.in/archive2/PrintRelease.aspx?relid=291053,Not AI,1,0,0,0.8
291056,2026-07-09,Prime Minister addresses the Indian Diaspora in Australia,https://archive.pib.gov.in/archive2/PrintRelease.aspx?relid=291056,Not AI,0,0,0,0.9
291065,2026-07-09,Union Home Minister and Minister of Cooperation Shri Amit Shah addresses Land Border Districts’ Superintendents of Police Conference-2026 in New Delhi,https://archive.pib.gov.in/archive2/PrintRelease.aspx?relid=291065,Not AI,0,0,0,0.9
291070,2026-07-10,India-Australia Roadmap for Sports Collaboration,https://archive.pib.gov.in/archive2/PrintRelease.aspx?relid=291070,Not AI,0,0,0,0.9
291073,2026-07-10,"Government amends Drugs Rules, 1945 to Strengthen Regulation of High Alcohol-Containing Drug Formulations",https://archive.pib.gov.in/archive2/PrintRelease.aspx?relid=291073,Not AI,0,0,0,0.9
291082,2026-07-10,Union Health Minister Shri J P Nadda Chairs 3rd Mission Steering Group Meeting of Ayushman Bharat Digital Mission,https://archive.pib.gov.in/archive2/PrintRelease.aspx?relid=291082,Not AI,1,0,0,0.75
291085,2026-07-10,Department of Commerce Reviews Andhra Pradesh FCV Tobacco Marketing Season 2025–26,https://archive.pib.gov.in/archive2/PrintRelease.aspx?relid=291085,Not AI,1,0,0,0.65
291097,2026-07-10,The Classrooms of Today Must Be Designed Around the Jobs of Tomorrow: Shri Jayant Chaudhary,https://archive.pib.gov.in/archive2/PrintRelease.aspx?relid=291097,Not AI,0,0,0,0.9
291100,2026-07-10,Technology Advisory Group (TAG) of Empowered Technology Group (ETG) meets to discuss A Strategic Roadmap for India’s Telecom Sector and establishing a dedicated “Communication Technology Task Force”,https://archive.pib.gov.in/archive2/PrintRelease.aspx?relid=291100,Not AI,1,0,0,0.7
291101,2026-07-10,Department of Telecommunications signs MoU with Telecommunications Standards Development Society India (TSDSI),https://archive.pib.gov.in/archive2/PrintRelease.aspx?relid=291101,Not AI,0,0,0,0.9
291110,2026-07-11,English Translation of Prime Minister's address at the India-New Zealand Business Event,https://archive.pib.gov.in/archive2/PrintRelease.aspx?relid=291110,Not AI,0,0,0,0.9
291115,2026-07-11,Indian Navy commissions Made-in-India advanced stealth frigate ‘INS Mahendragiri’ in Raksha Mantri’s presence at Visakhapatnam,https://archive.pib.gov.in/archive2/PrintRelease.aspx?relid=291115,Talk,1,1,0,0.55
291116,2026-07-11,Vice-President inaugurates Orientation-cum-Training Programme for Members of the 18th Bihar Legislative Assembly,https://archive.pib.gov.in/archive2/PrintRelease.aspx?relid=291116,Not AI,1,0,0,0.65
291123,2026-07-11,"National Conference on ""Strengthening Legal Education through Integration of Regional Languages""",https://archive.pib.gov.in/archive2/PrintRelease.aspx?relid=291123,Not AI,1,0,0,0.65
291127,2026-07-11,11 Years of Digital India: eSaras Online Market & Melas Strengthening Rural Livelihoods through Digital Commerce,https://archive.pib.gov.in/archive2/PrintRelease.aspx?relid=291127,Not AI,1,0,0,0.75
291145,2026-07-11,CSIR-NIScPR Successfully Concludes Five-Day Skill Training Programme on AI-enabled Institutional Repositories using DSpace,https://archive.pib.gov.in/archive2/PrintRelease.aspx?relid=291145,Training,1,1,0,0.9
291136,2026-07-12,"Union Minister of Commerce & Industry Shri Piyush Goyal to Lead High-Level Business Delegation to Spain, Belgium and Finland from 13–17 July 2026",https://archive.pib.gov.in/archive2/PrintRelease.aspx?relid=291136,Not AI,1,0,0,0.85
291138,2026-07-12,Weaving Sustainability into India’s Textile Future,https://archive.pib.gov.in/archive2/PrintRelease.aspx?relid=291138,Not AI,0,0,0,0.9
291141,2026-07-12,"Union Minister of Commerce & Industry Shri Piyush Goyal to Lead High-Level Business Delegation to Spain, Belgium and Finland from 13–17 July 2026",https://archive.pib.gov.in/archive2/PrintRelease.aspx?relid=291141,Not AI,1,0,0,0.85
291151,2026-07-12,"H.D. Kumaraswamy Inaugurates 84,000 m³ RCC Water Reservoir to Strengthen IISCO's Expansion and Water Security",https://archive.pib.gov.in/archive2/PrintRelease.aspx?relid=291151,Not AI,1,0,0,0.8
291164,2026-07-13,MeitY releases 2n? edition of the Digital Threat Report 2025-26 for India's BFSI Sector in Collaboration with SISA,https://archive.pib.gov.in/archive2/PrintRelease.aspx?relid=291164,Talk,1,1,0,0.5
291166,2026-07-13,"On the Eve of Bharat Tex 2026, India Prepares to Host the World’s Largest Global Textiles Expo",https://archive.pib.gov.in/archive2/PrintRelease.aspx?relid=291166,Not AI,1,0,0,0.8
291174,2026-07-13,India enters next phase of governance transformation with AI-driven administrative reforms: Dr. Jitendra Singh,https://archive.pib.gov.in/archive2/PrintRelease.aspx?relid=291174,Talk,1,1,1,0.75
291175,2026-07-13,MIB Invites Proposals for Industry-led Challenges under WAVES 2027 Create in India Challenge Season 2,https://archive.pib.gov.in/archive2/PrintRelease.aspx?relid=291175,Not AI,1,0,0,0.85
291181,2026-07-13,"ITDC, SCOPE and LBSNAA Organise ‘AI Champions for Digital Governance’ Summit in New Delhi",https://archive.pib.gov.in/archive2/PrintRelease.aspx?relid=291181,Training,1,1,0,0.85
291195,2026-07-13,"President of India to inaugurate 'Saushrutam 2026' at AIIA, New Delhi on Sushruta Jayanti",https://archive.pib.gov.in/archive2/PrintRelease.aspx?relid=291195,Talk,1,1,1,0.6
291196,2026-07-14,Union Minister of Commerce and Industry Shri Piyush Goyal Begins Spain Visit with High-Level Engagements to Deepen India–Spain Economic Partnership,https://archive.pib.gov.in/archive2/PrintRelease.aspx?relid=291196,Not AI,1,0,0,0.8
291205,2026-07-14,"New ultra-sensitive ammonia sensor can enable portable, self-powered, wearable devices to prevent toxic gas exposure",https://archive.pib.gov.in/archive2/PrintRelease.aspx?relid=291205,Not AI,0,0,0,0.9
291208,2026-07-14,From Infrastructure Creation to Service Delivery: DDWS Holds 10th District Collectors' Peyjal Samvad,https://archive.pib.gov.in/archive2/PrintRelease.aspx?relid=291208,Not AI,0,0,0,0.9
291210,2026-07-14,North East Witnesses Unprecedented Expansion of Science & Technology Infrastructure under Prime Minister Narendra Modi: Dr. Jitendra Singh,https://archive.pib.gov.in/archive2/PrintRelease.aspx?relid=291210,Not AI,1,0,0,0.8
291213,2026-07-14,"‘Seva’ and ‘Samman’ for the nation’s Shram Shakti are at the core of our governance, says Dr. Mansukh Mandaviya",https://archive.pib.gov.in/archive2/PrintRelease.aspx?relid=291213,Not AI,1,0,0,0.85
291220,2026-07-14,‘Scaling Urban Climate Resilience: The CapaCITIES Legacy and Way Forward’ an event to celebrate the progress of CapaCITIES programme held in New Delhi today,https://archive.pib.gov.in/archive2/PrintRelease.aspx?relid=291220,Not AI,0,0,0,0.9
291225,2026-07-14,Union Minister of Textiles Inaugurates Bharat Tex 2026; India's Largest Global Textile Event Opens with Record International Participation,https://archive.pib.gov.in/archive2/PrintRelease.aspx?relid=291225,Not AI,1,0,0,0.8
291232,2026-07-15,BRIC-THSTI Hosts Third Industry Meet ‘SYNCHN 2026’,https://archive.pib.gov.in/archive2/PrintRelease.aspx?relid=291232,Not AI,1,0,0,0.75
291244,2026-07-15,Cabinet approves Semicon 2.0 - Government delivers on its commitment for a long-term policy support to Semiconductors in India,https://archive.pib.gov.in/archive2/PrintRelease.aspx?relid=291244,Not AI,1,0,0,0.85
291247,2026-07-15,Cabinet approves Semicon 2.0 - Government delivers on its commitment for a long-term policy support to Semiconductors in India,https://archive.pib.gov.in/archive2/PrintRelease.aspx?relid=291247,Not AI,1,0,0,0.85
291251,2026-07-15,Safe Workplace & High Value Jobs characterise India's Chip Ecosystem as we are Emerging as Trusted Global Hub in Electronics & Semiconductor,https://archive.pib.gov.in/archive2/PrintRelease.aspx?relid=291251,Not AI,1,0,0,0.85
291262,2026-07-15,India–UK CETA Comes into Effect,https://archive.pib.gov.in/archive2/PrintRelease.aspx?relid=291262,Not AI,0,0,0,0.9
291265,2026-07-15,Empowering India's Skill Ecosystem,https://archive.pib.gov.in/archive2/PrintRelease.aspx?relid=291265,Training,1,1,0,0.65
291268,2026-07-15,Committed to ensuring that no worker is left behind: Dr. Mansukh Mandaviya at 12th BRICS Labour & Employment Ministers’ Meeting in Hyderabad,https://archive.pib.gov.in/archive2/PrintRelease.aspx?relid=291268,Not AI,1,0,0,0.75
291269,2026-07-15,Digital India BHASHINI Division (DIBD) and Punjab National Bank (PNB) Sign MoU to Advance Multilingual AI for Inclusive Banking,https://archive.pib.gov.in/archive2/PrintRelease.aspx?relid=291269,AI system,1,1,2,0.85
291273,2026-07-15,President of India Smt. Droupadi Murmu inaugurates 'Saushrutam 2026'; calls for integration of traditional wisdom with modern science to strengthen evidence-based Ayurveda,https://archive.pib.gov.in/archive2/PrintRelease.aspx?relid=291273,Talk,1,1,1,0.7
291281,2026-07-15,"The Future Belongs to Those Who Learn, Adapt and Innovate: Shri Jayant Chaudhary at World Youth Skills Day 2026",https://archive.pib.gov.in/archive2/PrintRelease.aspx?relid=291281,Not AI,1,0,0,0.75
291302,2026-07-16,Border infrastructure to remain indispensable in future technology-driven warfare: Raksha Mantri at BRO Strategic Infrastructure Conclave,https://archive.pib.gov.in/archive2/PrintRelease.aspx?relid=291302,Not AI,1,0,0,0.8
291309,2026-07-16,Quarterly release of Performance Monitoring Dashboard of Infrastructure Sector in India,https://archive.pib.gov.in/archive2/PrintRelease.aspx?relid=291309,Not AI,0,0,0,0.9
291312,2026-07-16,"MoS Labour & Employment, Shobha Karandlaje, leads Visit of BRICS Labour and Employment Ministers to Bosch Global Software Technologies and CII Green Business Centre in Hyderabad",https://archive.pib.gov.in/archive2/PrintRelease.aspx?relid=291312,Not AI,1,0,0,0.8
291317,2026-07-16,CSIR-Central Road Research Institute (CSIR-CRRI) today commenced its year-long Platinum Jubilee Celebrations with the launch of a nationwide first-phase implementation of advanced indigenous road infrastructure technologies across 16 towns or locations across the country.,https://archive.pib.gov.in/archive2/PrintRelease.aspx?relid=291317,Talk,1,1,1,0.6
291319,2026-07-16,Union Minister Dr. Jitendra Singh Announces India’s First Engineering Biology Graduation Course to Build Future Biotechnology Workforce,https://archive.pib.gov.in/archive2/PrintRelease.aspx?relid=291319,Not AI,1,0,0,0.7
291333,2026-07-16,"It's an opportune moment for Indian brands, designers, and artisans to position themselves as leading voices in the global arena: Shri Giriraj Singh",https://archive.pib.gov.in/archive2/PrintRelease.aspx?relid=291333,Not AI,1,0,0,0.75
291335,2026-07-16,Shivraj Singh Chouhan Unveils Bold Vision for Viksit Krishi and Prosperous Farmers to Realise Viksit Bharat 2047 at ICAR's 98th Foundation Day,https://archive.pib.gov.in/archive2/PrintRelease.aspx?relid=291335,Not AI,0,0,0,0.9
291369,2026-07-16,NITI Aayog launches a ten-year roadmap to build India into a leading bioeconomy powerhouse by 2035,https://archive.pib.gov.in/archive2/PrintRelease.aspx?relid=291369,Policy,1,1,0,0.55
291345,2026-07-17,Fourth Edition of IICA’s National Conference on Responsible Business Conduct (NCRBC) 2026 held in New Delhi,https://archive.pib.gov.in/archive2/PrintRelease.aspx?relid=291345,Not AI,1,0,0,0.75
291352,2026-07-17,Bharat Tex 2026 Witnesses Unprecedented Business Momentum and Massive Footfall,https://archive.pib.gov.in/archive2/PrintRelease.aspx?relid=291352,Not AI,1,0,0,0.8
291362,2026-07-17,English rendering of PM’s speech at the launch of multiple development projects in Chandigarh,https://archive.pib.gov.in/archive2/PrintRelease.aspx?relid=291362,Not AI,0,0,0,0.85
291363,2026-07-17,"Prime Minister Shri Narendra Modi lays foundation stone and dedicates to the nation various development projects worth over ?4,700 crore in Chandigarh, spanning healthcare, education and road infrastructure",https://archive.pib.gov.in/archive2/PrintRelease.aspx?relid=291363,Not AI,1,0,0,0.7
291365,2026-07-17,Centre and States Chart Roadmap for the Next Phase of Ayushman Bharat PM-JAY and ABDM at NHA National Review Meeting (Chintan Shivir),https://archive.pib.gov.in/archive2/PrintRelease.aspx?relid=291365,Not AI,1,0,0,0.8
291374,2026-07-17,Union Minister of Commerce and Industry Shri Piyush Goyal Engages with Leading Finnish Technology and Industrial Companies to Deepen India–Finland Partnership,https://archive.pib.gov.in/archive2/PrintRelease.aspx?relid=291374,Not AI,0,0,0,0.85
291383,2026-07-18,Vikram-1: Charting India’s Cosmic Future,https://archive.pib.gov.in/archive2/PrintRelease.aspx?relid=291383,Not AI,0,0,0,0.85
291387,2026-07-18,Op Sindoor demonstrated India’s world-class defence readiness sharpened by Govt’s ‘Nation First’ & ‘Forces First’ resolve: Raksha Mantri,https://archive.pib.gov.in/archive2/PrintRelease.aspx?relid=291387,Not AI,1,0,0,0.85
291389,2026-07-18,NHA Concludes Two-Day National Review Meeting on AB PM-JAY and ABDM; Centre and States Chart Roadmap for the Next Phase of Health Reforms,https://archive.pib.gov.in/archive2/PrintRelease.aspx?relid=291389,Talk,1,1,1,0.6
291398,2026-07-18,"Union Home Minister and Minister of Cooperation Shri Amit Shah inspects indigenous and state-of-the-art technologies designed to further strengthen border security at the Jhumagachh BOP in Siliguri, West Bengal",https://archive.pib.gov.in/archive2/PrintRelease.aspx?relid=291398,Not AI,0,0,0,0.85
291402,2026-07-18,Fourth Edition of National Conference on Responsible Business Conduct (NCRBC) 2026 Concludes in New Delhi,https://archive.pib.gov.in/archive2/PrintRelease.aspx?relid=291402,Not AI,1,0,0,0.85
291424,2026-07-19,Union Home Minister and Minister of Cooperation Shri Amit Shah inaugurates the first phase of the 'Museum of Word' in Kolkata,https://archive.pib.gov.in/archive2/PrintRelease.aspx?relid=291424,Not AI,1,0,0,0.75
291425,2026-07-19,"Union Minister of Commerce and Industry Shri Piyush Goyal concludes successful visit to Spain, Belgium, Finland and Estonia; strengthens India's economic partnership with Europe",https://archive.pib.gov.in/archive2/PrintRelease.aspx?relid=291425,Not AI,1,0,0,0.85
291437,2026-07-20,Department of Legal Affairs Organises 8th BRICS Heads of Prosecution Services Meeting,https://archive.pib.gov.in/archive2/PrintRelease.aspx?relid=291437,Not AI,1,0,0,0.8
291441,2026-07-20,National Statistical Office under Ministry of Statistics and Programme Implementation has taken several measures to modernise official statistical system through greater use of digital technologies,https://archive.pib.gov.in/archive2/PrintRelease.aspx?relid=291441,Not AI,1,0,0,0.6
291442,2026-07-20,MONITORING OF INFRASTRUCTURE PROJECT,https://archive.pib.gov.in/archive2/PrintRelease.aspx?relid=291442,Not AI,0,0,0,0.85
291443,2026-07-20,Union Minister Dr. Jitendra Singh Calls for Revisiting Pension Rules to Minimise Litigation and Strengthen Pensioners' Welfare,https://archive.pib.gov.in/archive2/PrintRelease.aspx?relid=291443,Not AI,1,0,0,0.75
291450,2026-07-20,Upgradation of ITI Infrastructure,https://archive.pib.gov.in/archive2/PrintRelease.aspx?relid=291450,Training,1,1,0,0.6
291451,2026-07-20,Status of Upgradation Under PM-SETU,https://archive.pib.gov.in/archive2/PrintRelease.aspx?relid=291451,Not AI,0,0,0,0.85
291453,2026-07-20,Skill India Mission,https://archive.pib.gov.in/archive2/PrintRelease.aspx?relid=291453,Training,1,1,0,0.85
291456,2026-07-20,PM-SETU and ITI Upgradation,https://archive.pib.gov.in/archive2/PrintRelease.aspx?relid=291456,Not AI,1,0,0,0.65
291458,2026-07-20,Skill Development For Industry Needs,https://archive.pib.gov.in/archive2/PrintRelease.aspx?relid=291458,Training,1,1,0,0.85
291460,2026-07-20,Strengthening Skill Development Ecosystem,https://archive.pib.gov.in/archive2/PrintRelease.aspx?relid=291460,Training,1,1,0,0.85
291466,2026-07-20,PRESIDENT OF INDIA IN MOLDOVA; HOLDS BILATERAL MEETING WITH PRESIDENT OF MOLDOVA AND LEADS DELEGATION-LEVEL TALKS,https://archive.pib.gov.in/archive2/PrintRelease.aspx?relid=291466,Training,1,1,0,0.85
291467,2026-07-20,Government and RBI Strengthen Fintech Ecosystem with Enhanced Regulatory Frameworks & Consumer Protection Actions,https://archive.pib.gov.in/archive2/PrintRelease.aspx?relid=291467,Policy,1,1,1,0.8
291473,2026-07-20,NHAI Enhances Digital Services on RajmargYatra Mobile App with Launch of Digital Local Pass and MargMitra Help Centre,https://archive.pib.gov.in/archive2/PrintRelease.aspx?relid=291473,Not AI,0,0,0,0.55
291475,2026-07-20,SOCIAL SECURITY FOR UNORGANISED WORKERS THROUGH E-SHRAM PORTAL,https://archive.pib.gov.in/archive2/PrintRelease.aspx?relid=291475,Not AI,0,0,0,0.9
291476,2026-07-20,PRESIDENT OF INDIA ADDRESSES INDIA-MOLDOVA BUSINESS FORUM,https://archive.pib.gov.in/archive2/PrintRelease.aspx?relid=291476,Not AI,1,0,0,0.85
291486,2026-07-21,"CDSCO Approves India's First Dengue Vaccine, Strengthening National Dengue Prevention Efforts",https://archive.pib.gov.in/archive2/PrintRelease.aspx?relid=291486,Not AI,0,0,0,0.9
291489,2026-07-21,Digital India BHASHINI Division Brings ‘BHASHINI Rajyam’ to Goa to Advance AI-Powered Governance in Konkani and Indian Languages,https://archive.pib.gov.in/archive2/PrintRelease.aspx?relid=291489,AI system,1,1,1,0.85
291505,2026-07-21,GREAT SCHEME,https://archive.pib.gov.in/archive2/PrintRelease.aspx?relid=291505,Not AI,0,0,0,0.85
291529,2026-07-21,“Progress achieved under digital initiative”,https://archive.pib.gov.in/archive2/PrintRelease.aspx?relid=291529,Policy,1,1,1,0.7
291530,2026-07-21,Integration of AYUSH in national health systems,https://archive.pib.gov.in/archive2/PrintRelease.aspx?relid=291530,Not AI,0,0,0,0.85
291533,2026-07-21,NHAI to Share National Highway Data with Government Research Institutions for Research and Innovation,https://archive.pib.gov.in/archive2/PrintRelease.aspx?relid=291533,Not AI,0,0,0,0.75
291535,2026-07-21,NATIONAL CYBER CRIME DATA,https://archive.pib.gov.in/archive2/PrintRelease.aspx?relid=291535,Not AI,0,0,0,0.8
291545,2026-07-21,IICA Inaugurates Eighth Batch of its Flagship Post Graduate Insolvency Programme (PGIP 2026–28),https://archive.pib.gov.in/archive2/PrintRelease.aspx?relid=291545,Not AI,1,0,0,0.75
291547,2026-07-21,PRESIDENT OF INDIA IN NORTH MACEDONIA; HOLDS BILATERAL MEETING WITH PRESIDENT OF NORTH MACEDONIA AND LEADS DELEGATION-LEVEL TALKS,https://archive.pib.gov.in/archive2/PrintRelease.aspx?relid=291547,Training,1,1,0,0.85
291551,2026-07-21,ASSESSMENT OF RARE EARTH PERMANENT MANAGEMENT SCHEME,https://archive.pib.gov.in/archive2/PrintRelease.aspx?relid=291551,Not AI,0,0,0,0.9
291569,2026-07-21,MY Bharat Launches National Flag of India Quiz 2026 to Celebrate Har Ghar Tiranga Campaign,https://archive.pib.gov.in/archive2/PrintRelease.aspx?relid=291569,Not AI,0,0,0,0.7
291590,2026-07-21,India to Host the Sixteenth BRICS Health Ministers' Meeting in Chandigarh from 22–24 July,https://archive.pib.gov.in/archive2/PrintRelease.aspx?relid=291590,Talk,1,1,0,0.65
291593,2026-07-21,NCVET Grants Awarding Body (Dual) Recognition to NIIT Foundation to Strengthen AI-Enabled Skill Development Across India,https://archive.pib.gov.in/archive2/PrintRelease.aspx?relid=291593,Training,1,1,0,0.85
291599,2026-07-21,"Department of Legal Affairs, Ministry of Law and Justice hosts 8th Meeting of BRICS Heads of Prosecution Services",https://archive.pib.gov.in/archive2/PrintRelease.aspx?relid=291599,Not AI,1,0,0,0.8
291600,2026-07-21,India Reaffirms Commitment to Rules-Based Multilateral Trading System at WTO Trade Policy Review in Geneva,https://archive.pib.gov.in/archive2/PrintRelease.aspx?relid=291600,Not AI,1,0,0,0.85
291601,2026-07-21,PRESIDENT OF INDIA ADDRESSES INDIA-NORTH MACEDONIA BUSINESS FORUM,https://archive.pib.gov.in/archive2/PrintRelease.aspx?relid=291601,Not AI,1,0,0,0.8
291610,2026-07-22,Traceability systems in seafood export,https://archive.pib.gov.in/archive2/PrintRelease.aspx?relid=291610,Not AI,0,0,0,0.85
291614,2026-07-22,Development of cold water fisheries,https://archive.pib.gov.in/archive2/PrintRelease.aspx?relid=291614,Not AI,0,0,0,0.9
291620,2026-07-22,PARLIAMENT QUESTION: IMPLEMENTATION OF MISSION MAUSAM,https://archive.pib.gov.in/archive2/PrintRelease.aspx?relid=291620,AI system,1,1,2,0.8
291625,2026-07-22,Ministry of Statistics and Programme Implementation undertakes periodic methodological reviews of statistical framework to ensure o?cial statistics remain representative of current structure of economy,https://archive.pib.gov.in/archive2/PrintRelease.aspx?relid=291625,Not AI,1,0,0,0.75
291626,2026-07-22,Ministry of Statistics and Programme Implementation has put in place well-defined mechanisms to ensure timely collection and publication of official statistics,https://archive.pib.gov.in/archive2/PrintRelease.aspx?relid=291626,Not AI,1,0,0,0.75
291632,2026-07-22,Government Strengthens Online Safety for Children with Stricter Action Against Child Sexual Abuse Material on Social Media,https://archive.pib.gov.in/archive2/PrintRelease.aspx?relid=291632,Policy,1,1,0,0.85
291634,2026-07-22,"Government Approves 2 Electronics Manufacturing Clusters (EMCs) in Tamil Nadu at Manallur (474.3 Acres) & Pillapaikkam (379.3 Acres); Projects worth ?1,012 Cr to Boost Electronics Manufacturing",https://archive.pib.gov.in/archive2/PrintRelease.aspx?relid=291634,Funding,1,1,0,0.85
291640,2026-07-22,NATIONAL CYBERCRIME RESPONSE MECHANISM,https://archive.pib.gov.in/archive2/PrintRelease.aspx?relid=291640,Not AI,0,0,0,0.85
291645,2026-07-22,Expansion and Modernisation of ITI Ecosystem,https://archive.pib.gov.in/archive2/PrintRelease.aspx?relid=291645,Not AI,1,0,0,0.8
291647,2026-07-22,Progress of PMKVY,https://archive.pib.gov.in/archive2/PrintRelease.aspx?relid=291647,Not AI,0,0,0,0.9
291650,2026-07-22,Review of PMKVY,https://archive.pib.gov.in/archive2/PrintRelease.aspx?relid=291650,Not AI,1,0,0,0.85
291656,2026-07-22,IMPLEMENTATION OF AI-ENABLED ACADEMIC SUPPORT IN EMRSs,https://archive.pib.gov.in/archive2/PrintRelease.aspx?relid=291656,AI system,1,1,1,0.9
291664,2026-07-22,DIGITAL TRANSFORMATION OF PANCHAYATI RAJ INSTITUTIONS (PRI),https://archive.pib.gov.in/archive2/PrintRelease.aspx?relid=291664,AI system,1,1,1,0.6
291666,2026-07-22,RailOne App Gains Widespread Popularity Among Passengers with 4.55 Crore Downloads and Average Daily Ticket Bookings of 9.65 Lakh,https://archive.pib.gov.in/archive2/PrintRelease.aspx?relid=291666,Not AI,0,0,0,0.85
291672,2026-07-22,FASTAG BASED TOLL COLLECTION AND DIGITAL TOLLING SYSTEM,https://archive.pib.gov.in/archive2/PrintRelease.aspx?relid=291672,AI system,1,1,1,0.85
291702,2026-07-22,"India hosts BRICS Network University Conference and the International Governing Board Meeting, strengthening BRICS Higher Education Cooperation",https://archive.pib.gov.in/archive2/PrintRelease.aspx?relid=291702,Not AI,1,0,0,0.8
291704,2026-07-22,Government Promotes Re-Employment Opportunities For Senior Citizens Through National Career Service (NCS) Portal,https://archive.pib.gov.in/archive2/PrintRelease.aspx?relid=291704,Not AI,1,0,0,0.7
291706,2026-07-22,Centre and States are equal partners in building a future-ready education system for Viksit Bharat 2047 – Shri Dharmendra Pradhan,https://archive.pib.gov.in/archive2/PrintRelease.aspx?relid=291706,Not AI,1,0,0,0.8
291707,2026-07-22,DRDO inks two major contracts with Industry partners as part of AEW&C MK-II programme,https://archive.pib.gov.in/archive2/PrintRelease.aspx?relid=291707,Not AI,0,0,0,0.9
291708,2026-07-22,"India, Panama Chart New Maritime Partnership Focused on Logistics, Digital Innovation and Global Connectivity",https://archive.pib.gov.in/archive2/PrintRelease.aspx?relid=291708,Not AI,1,0,0,0.8
291715,2026-07-23,Four CSIR Technologies Licensed to Industry and Smart Rural Water Monitoring Technology Commercially Launched,https://archive.pib.gov.in/archive2/PrintRelease.aspx?relid=291715,Not AI,0,0,0,0.85
291720,2026-07-23,PARLIAMENT QUESTION: IMPLEMENTATION OF MISSION MAUSAM,https://archive.pib.gov.in/archive2/PrintRelease.aspx?relid=291720,Not AI,1,0,0,0.75
291721,2026-07-23,PARLIAMENT QUESTION: WEATHER FORECASTING AND EARLY WARNINGS,https://archive.pib.gov.in/archive2/PrintRelease.aspx?relid=291721,Not AI,1,0,0,0.75
291745,2026-07-23,Status of Telecom Infrastructure,https://archive.pib.gov.in/archive2/PrintRelease.aspx?relid=291745,Not AI,0,0,0,0.9
291746,2026-07-23,Measures Taken to Tackle Cyber Frauds,https://archive.pib.gov.in/archive2/PrintRelease.aspx?relid=291746,AI system,1,1,1,0.9
291748,2026-07-23,Steps taken to strengthen Telecommunication and Digital Communication Infrastructure,https://archive.pib.gov.in/archive2/PrintRelease.aspx?relid=291748,Not AI,0,0,0,0.85
291749,2026-07-23,PARLIAMENT QUESTION: IMPLEMENTATION OF BIOE3 POLICY,https://archive.pib.gov.in/archive2/PrintRelease.aspx?relid=291749,Funding,1,1,0,0.7
291750,2026-07-23,PARLIAMENT QUESTION: RDI FUND UNDER ANRF,https://archive.pib.gov.in/archive2/PrintRelease.aspx?relid=291750,Not AI,1,0,0,0.75
291766,2026-07-23,"Indian Railways Focused on Providing Affordable, High-Quality and Passenger-Centric Rail Services to All Sections of Society",https://archive.pib.gov.in/archive2/PrintRelease.aspx?relid=291766,AI system,1,1,2,0.85
291767,2026-07-23,"BRICS Ministerial Meeting on Disaster Risk Reduction (DRR) under the Chairmanship of Union Minister of State for Home Affairs Shri Nityanand Rai, to be held in New Delhi tomorrow",https://archive.pib.gov.in/archive2/PrintRelease.aspx?relid=291767,Not AI,0,0,0,0.9
291772,2026-07-23,LEGAL REFORMS,https://archive.pib.gov.in/archive2/PrintRelease.aspx?relid=291772,AI system,1,1,1,0.85
291773,2026-07-23,EFFECTIVENESS OF FREE LEGAL AID IN JAMMU & KASHMIR,https://archive.pib.gov.in/archive2/PrintRelease.aspx?relid=291773,AI system,1,1,1,0.7
291778,2026-07-23,"Bihar Chief Minister Shri Samrat Choudhary and Union Minister Shri Jayant Chaudhary Announce Permanent Campus of NSTI (Women), Patna; MSDE and Bihar Government Exchange MoU for Skill India International Centre (SIIC) Patna",https://archive.pib.gov.in/archive2/PrintRelease.aspx?relid=291778,Training,1,1,0,0.75
291781,2026-07-23,NICDC Organises Cross-Learning Site Visit to AURIC Smart City to Strengthen Industrial Corridor Development,https://archive.pib.gov.in/archive2/PrintRelease.aspx?relid=291781,Not AI,0,0,0,0.85
291782,2026-07-23,ROLE OF INTEGRATED COMMAND AND CONTROL CENTRES IN SMART CITIES,https://archive.pib.gov.in/archive2/PrintRelease.aspx?relid=291782,AI system,1,1,2,0.85
291788,2026-07-23,NHAI Extends ‘Clean Toilet Picture Challenge’ till 30th June 2027,https://archive.pib.gov.in/archive2/PrintRelease.aspx?relid=291788,AI system,1,1,1,0.6
291791,2026-07-23,CSIR-NIScPR Released Technical Report on Human-Centered AI and Hosted Distinguished Lecture by Ms. Debjani Ghosh,https://archive.pib.gov.in/archive2/PrintRelease.aspx?relid=291791,Talk,1,1,0,0.85
291804,2026-07-24,"Saving Soil, Securing Farms",https://archive.pib.gov.in/archive2/PrintRelease.aspx?relid=291804,AI system,1,1,1,0.65
291810,2026-07-24,‘Poshan Tracker’ digital application is an important governance tool for real time monitoring and tracking under Mission Saksham Anganwadi and Poshan 2.0,https://archive.pib.gov.in/archive2/PrintRelease.aspx?relid=291810,AI system,1,1,1,0.9
291814,2026-07-24,Ministry of Women and Child Development launched Mission Saksham Anganwadi and Poshan 2.0 to improve nutritional outcomes among children from 0-6 years,https://archive.pib.gov.in/archive2/PrintRelease.aspx?relid=291814,AI system,1,1,1,0.9
291815,2026-07-24,"Under Mission Saksham Anganwadi and Poshan 2.0, a package of six services are provided to eligible beneficiaries through Anganwadi Centres across the country",https://archive.pib.gov.in/archive2/PrintRelease.aspx?relid=291815,AI system,1,1,1,0.9
291821,2026-07-24,NHA Convenes BRICS Dialogue on Strengthening Continuum of Care Through Digital Health and Responsible AI,https://archive.pib.gov.in/archive2/PrintRelease.aspx?relid=291821,Talk,1,1,0,0.85
291824,2026-07-24,Kargil Vijay Diwas 2026,https://archive.pib.gov.in/archive2/PrintRelease.aspx?relid=291824,Not AI,1,0,0,0.6
291841,2026-07-24,"CCTV Surveillance Systems Provided at 3,215 Railway Stations and 13,409 Passenger Coaches to Strengthen Passenger Safety and Security",https://archive.pib.gov.in/archive2/PrintRelease.aspx?relid=291841,AI system,1,1,1,0.85
291843,2026-07-24,"Indian Railways Initiates AI-based Stain Detection Pilot Project in Laundries at Pune, Jaipur & Jodhpur Divisions to Enhance Quality of Washed Linen",https://archive.pib.gov.in/archive2/PrintRelease.aspx?relid=291843,AI system,1,1,1,0.85
291853,2026-07-24,India Successfully Hosts 3rd BRICS Ministerial Meeting on Disaster Risk Reduction; BRICS Joint Statement Adopted to Advance Global Disaster Resilience,https://archive.pib.gov.in/archive2/PrintRelease.aspx?relid=291853,Not AI,0,0,0,0.95
291861,2026-07-24,PROGRESS IN GENERATING UNIQUE DIGITAL FARMER IDS,https://archive.pib.gov.in/archive2/PrintRelease.aspx?relid=291861,Not AI,0,0,0,0.95
291865,2026-07-24,PROMOTION OF AI USE IN AGRICULTURE AND IMPACT ASSESSMENT,https://archive.pib.gov.in/archive2/PrintRelease.aspx?relid=291865,AI system,1,1,3,0.85
291868,2026-07-24,Union MoS Dr. Chandra Sekhar Pemmasani Inaugurates Modernised Jan Seva Connect Post Offices in Guntur,https://archive.pib.gov.in/archive2/PrintRelease.aspx?relid=291868,Not AI,1,0,0,0.6
291876,2026-07-24,Two Days of the BRICS Science Academies Forum Meeting 2026 successfully concluded at IIT Hyderabad with focus on AI for Sustainability and Global South Cooperation,https://archive.pib.gov.in/archive2/PrintRelease.aspx?relid=291876,Talk,1,1,0,0.8
291882,2026-07-24,Union Minister for Finance & Corporate Affairs Smt. Nirmala Sitharaman outlines 5Rs of responsive tax governance; Calls for greater tax certainty and reduced litigation at the 167th Income Tax celebrations in New Delhi today,https://archive.pib.gov.in/archive2/PrintRelease.aspx?relid=291882,Not AI,1,0,0,0.7
291884,2026-07-24,Union Environment Minister reviews Haryana's Air Pollution Action Plan with Chief Minister (Haryana),https://archive.pib.gov.in/archive2/PrintRelease.aspx?relid=291884,Not AI,0,0,0,0.95
291885,2026-07-24,BUCHAREST UNIVERSTY OF ECONOMIC STUDIES CONFERS HONORARY DOCTORATE ON THE PRESIDENT,https://archive.pib.gov.in/archive2/PrintRelease.aspx?relid=291885,Not AI,1,0,0,0.75
292166,2026-07-24,Establishment of Regional AYUSH Medical Hubs,https://archive.pib.gov.in/archive2/PrintRelease.aspx?relid=292166,Not AI,0,0,0,0.9
292168,2026-07-24,Use of Artificial Intelligence in AYUSH System,https://archive.pib.gov.in/archive2/PrintRelease.aspx?relid=292168,AI system,1,1,1,0.85
292169,2026-07-24,Research and Clinical Trials in Ayush,https://archive.pib.gov.in/archive2/PrintRelease.aspx?relid=292169,Not AI,0,0,0,0.75
292171,2026-07-24,Digital Initiatives and AYUSH Grid,https://archive.pib.gov.in/archive2/PrintRelease.aspx?relid=292171,AI system,1,1,1,0.75
291906,2026-07-25,Centre Launches DISHA 2.0 with ?255 Crore Outlay to Expand Technology-Driven Access to Justice Across India.,https://archive.pib.gov.in/archive2/PrintRelease.aspx?relid=291906,Policy,1,1,1,0.7
291908,2026-07-25,Government Accelerates Digital Transformation of Judiciary Under eCourts Phase III to Reduce Case Pendency,https://archive.pib.gov.in/archive2/PrintRelease.aspx?relid=291908,Policy,1,1,1,0.65
291946,2026-07-27,India's Fight to Combat Hepatitis,https://archive.pib.gov.in/archive2/PrintRelease.aspx?relid=291946,Not AI,0,0,0,0.95
291958,2026-07-27,33 out of the 37 State/UT Legislatures have signed MoUs for the implementation of the National e-Vidhan Application,https://archive.pib.gov.in/archive2/PrintRelease.aspx?relid=291958,AI system,1,1,1,0.55
291960,2026-07-27,Artificial Intelligence and Skill India Initiatives,https://archive.pib.gov.in/archive2/PrintRelease.aspx?relid=291960,Training,1,1,0,0.85
291961,2026-07-27,Skilling for Space and Geospatial Sectors,https://archive.pib.gov.in/archive2/PrintRelease.aspx?relid=291961,Not AI,1,0,0,0.65
291963,2026-07-27,Digital Skill Development Platform,https://archive.pib.gov.in/archive2/PrintRelease.aspx?relid=291963,Training,1,1,0,0.85
291967,2026-07-27,Gyan Bharatam Mission and Manuscript Digitisation,https://archive.pib.gov.in/archive2/PrintRelease.aspx?relid=291967,AI system,1,1,3,0.85
291968,2026-07-27,“MUSEUMS AND MEMORIALS ON INDIAN FREEDOM MOVEMENT”,https://archive.pib.gov.in/archive2/PrintRelease.aspx?relid=291968,AI system,1,1,1,0.5
291975,2026-07-27,"Safe & Trusted AI Pillar under IndiaAI Mission Strengthens Citizen Trust through Secure, Fair and Responsible AI Solutions",https://archive.pib.gov.in/archive2/PrintRelease.aspx?relid=291975,Policy,1,1,0,0.8
291977,2026-07-27,The Making of a Sporting Nation,https://archive.pib.gov.in/archive2/PrintRelease.aspx?relid=291977,Not AI,1,0,0,0.6
291999,2026-07-27,Implementation of University Townships and Education-to-Employment Initiatives,https://archive.pib.gov.in/archive2/PrintRelease.aspx?relid=291999,Training,1,1,0,0.75
292000,2026-07-27,Digital India BHASHINI Division Conducts Multilingual AI Workshop for Haryana Vidhan Sabha to Advance Language-First Legislative Governance,https://archive.pib.gov.in/archive2/PrintRelease.aspx?relid=292000,Talk,1,1,1,0.85
292003,2026-07-27,"Expansion of Digital Learning, Research and Creative Technology Initiatives",https://archive.pib.gov.in/archive2/PrintRelease.aspx?relid=292003,Not AI,0,0,0,0.95
292013,2026-07-27,"Ministry of Earth Sciences Celebrates 20th Foundation Day, Highlighting Two Decades of Scientific Excellence and National Service",https://archive.pib.gov.in/archive2/PrintRelease.aspx?relid=292013,Talk,1,1,2,0.65
292016,2026-07-28,India Leads the Wilderness in Tiger Conservation,https://archive.pib.gov.in/archive2/PrintRelease.aspx?relid=292016,Talk,1,1,2,0.65
292027,2026-07-28,GREAT SCHEME,https://archive.pib.gov.in/archive2/PrintRelease.aspx?relid=292027,Not AI,0,0,0,0.95
292035,2026-07-28,CYBER CRIME MITIGATION CENTRE,https://archive.pib.gov.in/archive2/PrintRelease.aspx?relid=292035,Not AI,0,0,0,0.9
292039,2026-07-28,CFCFRMS 2.0 PLATFORM,https://archive.pib.gov.in/archive2/PrintRelease.aspx?relid=292039,AI system,1,1,1,0.7
292068,2026-07-28,"India's Exports Scale Record US$ 863.1 Billion in FY 2025–26, Driven by Strong Trade with UAE, UK and Australia",https://archive.pib.gov.in/archive2/PrintRelease.aspx?relid=292068,Not AI,0,0,0,0.95
292078,2026-07-28,PORT MODERNIZATION AND EXPANSION,https://archive.pib.gov.in/archive2/PrintRelease.aspx?relid=292078,Not AI,0,0,0,0.95
292119,2026-07-28,Production Linked Incentive (PLI) Scheme for Automobile and Auto Component Industry in India (PLI-Auto),https://archive.pib.gov.in/archive2/PrintRelease.aspx?relid=292119,Not AI,0,0,0,0.95
292149,2026-07-28,India's leadership role in yoga and traditional medicine at the global stage,https://archive.pib.gov.in/archive2/PrintRelease.aspx?relid=292149,Not AI,1,0,0,0.65
292150,2026-07-28,Strengthening AYUSH through evidence based research,https://archive.pib.gov.in/archive2/PrintRelease.aspx?relid=292150,AI system,1,1,1,0.8
292144,2026-07-29,PARLIAMENT QUESTION: LONG RANGE FORECAST SYSTEM,https://archive.pib.gov.in/archive2/PrintRelease.aspx?relid=292144,Not AI,1,0,0,0.6
292152,2026-07-29,"Raksha Mantri virtually inaugurates Department of Military Medicine at Command Hospital (Central Command), Lucknow",https://archive.pib.gov.in/archive2/PrintRelease.aspx?relid=292152,Not AI,1,0,0,0.65
292157,2026-07-29,"NeGP Strengthens Last-Mile Governance through Common Service Centres and District e-Governance Societies, Delivering Transparent, Efficient and Citizen-Centric Digital Services Across the Country",https://archive.pib.gov.in/archive2/PrintRelease.aspx?relid=292157,AI system,1,1,1,0.85
292172,2026-07-29,PARLIAMENT QUESTION: ARTIFICIAL INTELLIGENCE IN GOVERNMENT MINISTRIES/DEPARTMENTS,https://archive.pib.gov.in/archive2/PrintRelease.aspx?relid=292172,Training,1,1,0,0.85
292173,2026-07-29,"Government has adopted multi-pronged approach to address educational, social and economic empowerment of girls",https://archive.pib.gov.in/archive2/PrintRelease.aspx?relid=292173,Not AI,1,0,0,0.8
292176,2026-07-29,TECHNOLOGY-BASED JUSTICE SYSTEM,https://archive.pib.gov.in/archive2/PrintRelease.aspx?relid=292176,Not AI,0,0,0,0.7
292178,2026-07-29,INTEGRATED FLOOD EMERGENCY MANAGEMENT IN THE GANGA BASIN,https://archive.pib.gov.in/archive2/PrintRelease.aspx?relid=292178,AI system,1,1,1,0.75
292187,2026-07-29,"IndiaAI Mission Advances AI-Driven Governance and Public Service Delivery through Collaborative Roadmaps, Innovation Challenges and Capacity Building",https://archive.pib.gov.in/archive2/PrintRelease.aspx?relid=292187,Policy,1,1,5,0.7
292200,2026-07-29,Skill India Digital Hub,https://archive.pib.gov.in/archive2/PrintRelease.aspx?relid=292200,Training,1,1,0,0.85
292202,2026-07-29,PM SETU,https://archive.pib.gov.in/archive2/PrintRelease.aspx?relid=292202,Not AI,1,0,0,0.75
292204,2026-07-29,Pradhan Mantri Skilling And Employability Transformation Through Upgraded ITIs (PM-SETU),https://archive.pib.gov.in/archive2/PrintRelease.aspx?relid=292204,Not AI,1,0,0,0.75
292205,2026-07-29,Implementation of Pradhan Mantri Kaushal Vikas Yojana (PMKVY) 4.0,https://archive.pib.gov.in/archive2/PrintRelease.aspx?relid=292205,Not AI,1,0,0,0.75
292208,2026-07-29,Strengthening Human-Centric Skill,https://archive.pib.gov.in/archive2/PrintRelease.aspx?relid=292208,Training,1,1,0,0.85
292214,2026-07-29,PARLIAMENT QUESTION: FUND DISBURSED/UTILIZED IN ANRF,https://archive.pib.gov.in/archive2/PrintRelease.aspx?relid=292214,Funding,1,1,0,0.75
292222,2026-07-29,PARLIAMENT QUESTION: RESEARCH DEVELOPMENT AND INNOVATION SCHEME,https://archive.pib.gov.in/archive2/PrintRelease.aspx?relid=292222,Not AI,1,0,0,0.7
292224,2026-07-29,"Digital Public Infrastructure Strengthens Inclusive Governance by Expanding Access to Digital Services, Financial Inclusion and Last-Mile Service Delivery",https://archive.pib.gov.in/archive2/PrintRelease.aspx?relid=292224,Not AI,1,0,0,0.55
292225,2026-07-29,PARLIAMENT QUESTION: DEVELOPMENT OF QUANTUM ALGORITHMS BY INDIAN RESEARCH INSTITUTIONS,https://archive.pib.gov.in/archive2/PrintRelease.aspx?relid=292225,Not AI,0,0,0,0.8
292227,2026-07-29,PARLIAMENT QUESTION: RESEARCH AND INNOVATION PROGRAMMES,https://archive.pib.gov.in/archive2/PrintRelease.aspx?relid=292227,Research,1,1,0,0.55
292228,2026-07-29,Second Batch of Master Trainers trained under the Nirbhay Netri Initiative in New Delhi,https://archive.pib.gov.in/archive2/PrintRelease.aspx?relid=292228,Not AI,0,0,0,0.9
292236,2026-07-29,COAL EXCHANGE RULES,https://archive.pib.gov.in/archive2/PrintRelease.aspx?relid=292236,Not AI,0,0,0,0.9
292247,2026-07-29,"National Education Policy (NEP), 2020",https://archive.pib.gov.in/archive2/PrintRelease.aspx?relid=292247,Not AI,1,0,0,0.75
292257,2026-07-29,Alignment of Academics with Employment Opportunities,https://archive.pib.gov.in/archive2/PrintRelease.aspx?relid=292257,Training,1,1,0,0.8
292258,2026-07-29,Promotion of Mother Tongue-based Education,https://archive.pib.gov.in/archive2/PrintRelease.aspx?relid=292258,Policy,1,1,1,0.65
292260,2026-07-29,Vacancies in Central Educational Institutions,https://archive.pib.gov.in/archive2/PrintRelease.aspx?relid=292260,Not AI,0,0,0,0.9
292261,2026-07-29,Implementation of PM SHRI scheme,https://archive.pib.gov.in/archive2/PrintRelease.aspx?relid=292261,Training,1,1,1,0.8
292268,2026-07-29,Union Health Minister Shri Jagat Prakash Nadda calls upon MPs from West Bengal to lead Jan Andolan for TB Elimination,https://archive.pib.gov.in/archive2/PrintRelease.aspx?relid=292268,Talk,1,1,1,0.7
292269,2026-07-29,"Innovation, Startups, MSMEs and Quality Manufacturing are Pillars of India's Future Growth: Shri Piyush Goyal at 22nd J.R.D. Tata Memorial Lecture",https://archive.pib.gov.in/archive2/PrintRelease.aspx?relid=292269,Talk,1,1,0,0.7
292271,2026-07-29,Union Minister of Communications Shri Jyotiraditya M. Scindia Unveils Theme for 10th Edition of India Mobile Congress 2026: ‘Scale without boundaries’,https://archive.pib.gov.in/archive2/PrintRelease.aspx?relid=292271,Not AI,1,0,0,0.75
292287,2026-07-30,STRENGTHENING AND EXPANSION OF EMRSs,https://archive.pib.gov.in/archive2/PrintRelease.aspx?relid=292287,Not AI,1,0,0,0.75
292292,2026-07-30,STATUS OF EMRSs,https://archive.pib.gov.in/archive2/PrintRelease.aspx?relid=292292,Not AI,1,0,0,0.75
292295,2026-07-30,"Centre for Development of Telematics (C-DOT) signs agreement with Indian Institute of Science, Bengaluru (IISc Bengaluru) and Foundation for Science Innovation and Development (FSID) for setting up C-DOT Centre of Excellence",https://archive.pib.gov.in/archive2/PrintRelease.aspx?relid=292295,Research,1,1,0,0.7
292300,2026-07-30,PARLIAMNENT QUESTION: STRENGTHENING CLIMATE MONITORING AND WEATHER FORECASTING SYSTEMS,https://archive.pib.gov.in/archive2/PrintRelease.aspx?relid=292300,AI system,1,1,2,0.85
292301,2026-07-30,PARLIAMENT QUESTION: DOPPLER RADAR COVERAGE IN LAHAUL AND SPITI AND KINNAUR,https://archive.pib.gov.in/archive2/PrintRelease.aspx?relid=292301,Not AI,1,0,0,0.55
292302,2026-07-30,PARLIAMENT QUESTION: BRAHMAPUTRA FLOOD FORECASTING AND CLIMATE RESILIENCE MISSION,https://archive.pib.gov.in/archive2/PrintRelease.aspx?relid=292302,AI system,1,1,2,0.8
292305,2026-07-30,ASSESSMENTS ON ADEQUACY OF TRANSMISSION AND DISTRIBUTION INFRASTRUCTURE,https://archive.pib.gov.in/archive2/PrintRelease.aspx?relid=292305,Not AI,0,0,0,0.9
292306,2026-07-30,ASSESSMENT OF NATIONAL POWER GRID,https://archive.pib.gov.in/archive2/PrintRelease.aspx?relid=292306,Not AI,0,0,0,0.9
292307,2026-07-30,"Government Strengthens Cyber Resilience Against AI-Enabled Cyber Threats through AI-Driven Detection, Vulnerability Assessment and Threat Intelligence",https://archive.pib.gov.in/archive2/PrintRelease.aspx?relid=292307,AI system,1,1,2,0.85
292313,2026-07-30,"Government Adopts Multi-Pronged Roadmap to Build a Robust Semiconductor Talent Pipeline Across Design, Manufacturing and Advanced Packaging",https://archive.pib.gov.in/archive2/PrintRelease.aspx?relid=292313,Not AI,0,0,0,0.9
292314,2026-07-30,"Government Strengthens Framework to Counter AI-Generated Deepfakes through Legal Safeguards, Platform Accountability and Citizen Protection",https://archive.pib.gov.in/archive2/PrintRelease.aspx?relid=292314,Policy,1,1,1,0.75
292317,2026-07-30,Union Minister Shri Giriraj Singh to Inaugurate Centre of Excellence for Handloom Technology at IIT Delhi on 3 August,https://archive.pib.gov.in/archive2/PrintRelease.aspx?relid=292317,Research,1,1,0,0.65
292321,2026-07-30,OUTCOMES OF BRICS CULTURAL WORKING GROUP MEETINGS,https://archive.pib.gov.in/archive2/PrintRelease.aspx?relid=292321,Talk,1,1,0,0.65
292333,2026-07-30,PARLIAMENT QUESTION: BIOTECHNOLOGY AND AI BASED RESEARCH,https://archive.pib.gov.in/archive2/PrintRelease.aspx?relid=292333,Research,1,1,1,0.65
292342,2026-07-30,Promotion of Digital Technologies in Water Resources Management,https://archive.pib.gov.in/archive2/PrintRelease.aspx?relid=292342,AI system,1,1,1,0.55
292347,2026-07-30,PARLIAMENT QUESTION: REFORMS IN UPSC AND SSC,https://archive.pib.gov.in/archive2/PrintRelease.aspx?relid=292347,Talk,1,1,1,0.6
292361,2026-07-30,NHAI Launches Initiative to Develop World-Class Public Toilet Facilities at Toll Plazas,https://archive.pib.gov.in/archive2/PrintRelease.aspx?relid=292361,Not AI,0,0,0,0.8
292362,2026-07-30,PARLIAMENT QUESTION: Environmental clearances in protected areas,https://archive.pib.gov.in/archive2/PrintRelease.aspx?relid=292362,Not AI,0,0,0,0.75
292369,2026-07-30,Government of India Promotes AI and Digital Tech Adoption to Boost MSME Productivity,https://archive.pib.gov.in/archive2/PrintRelease.aspx?relid=292369,Policy,1,1,0,0.85
292373,2026-07-30,NATIONAL SMART PUBLIC TRANSPORT MISSION,https://archive.pib.gov.in/archive2/PrintRelease.aspx?relid=292373,Not AI,0,0,0,0.8
292387,2026-07-30,"Rajya Sabha Passes Public Examinations (Prevention of Unfair Means) Amendment Bill, 2026 by Voice Vote",https://archive.pib.gov.in/archive2/PrintRelease.aspx?relid=292387,Talk,1,1,1,0.55
292390,2026-07-31,PM to visit Andhra Pradesh and Karnataka on 1 August,https://archive.pib.gov.in/archive2/PrintRelease.aspx?relid=292390,Not AI,1,0,0,0.75
292391,2026-07-31,Ministry of Ayush and IndiaAI Join Hands to Harness Artificial Intelligence for the Future of Traditional Medicine,https://archive.pib.gov.in/archive2/PrintRelease.aspx?relid=292391,Policy,1,1,0,0.85
292398,2026-07-31,"TDB-DST Supports M/s Foodtechnics Pvt. Ltd., Bengaluru, for Commercialization of Indigenous Compact Automatic Roti Making Machine",https://archive.pib.gov.in/archive2/PrintRelease.aspx?relid=292398,Not AI,0,0,0,0.75
292399,2026-07-31,"TDB-DST Supports M/s RoadGrid India Private Limited, Indore, for Commercialization of Indigenous Universal EV Charging Technology",https://archive.pib.gov.in/archive2/PrintRelease.aspx?relid=292399,Not AI,0,0,0,0.75
292405,2026-07-31,AI-based tool Legal Research Analysis Assistant (LegRAA) has been developed by the Artificial Intelligence Division of NIC and Centre of Excellence for eCourts,https://archive.pib.gov.in/archive2/PrintRelease.aspx?relid=292405,AI system,1,1,2,0.9
292412,2026-07-31,"Under Mission Saksham Anganwadi and Poshan 2.0, a package of six services are provided to eligible beneficiaries through Anganwadi Centres",https://archive.pib.gov.in/archive2/PrintRelease.aspx?relid=292412,Not AI,0,0,0,0.8
292425,2026-07-31,Update on Pradhan Mantri Surakshit Matritva Abhiyan,https://archive.pib.gov.in/archive2/PrintRelease.aspx?relid=292425,Not AI,0,0,0,0.8
292427,2026-07-31,Ayurveda–Modern Medicine Integration through Multi-Pronged Ayush Initiatives,https://archive.pib.gov.in/archive2/PrintRelease.aspx?relid=292427,Not AI,0,0,0,0.85
292436,2026-07-31,IndiaAI and Ministry of AYUSH Sign MoU to Accelerate AI Innovation in Traditional Healthcare,https://archive.pib.gov.in/archive2/PrintRelease.aspx?relid=292436,Policy,1,1,0,0.85
292442,2026-07-31,"Dr. Jitendra Singh calls for connecting ""Grassroots Innovators"" with country's formal innovation ecosystem",https://archive.pib.gov.in/archive2/PrintRelease.aspx?relid=292442,Talk,1,1,0,0.6
292448,2026-07-31,Weaving Innovation with Tradition: How VCF-SC Helped a First-Generation SC Woman Entrepreneur Build a Thriving Textile Enterprise,https://archive.pib.gov.in/archive2/PrintRelease.aspx?relid=292448,Not AI,0,0,0,0.8
292456,2026-07-31,National Digitization Drive Workshop Strengthens India’s Manuscript Preservation Framework; Union Minister of Culture Calls for Sustained National Effort in Digitization,https://archive.pib.gov.in/archive2/PrintRelease.aspx?relid=292456,Talk,1,0,0,0.55
292465,2026-07-31,India as a Tourism Hub,https://archive.pib.gov.in/archive2/PrintRelease.aspx?relid=292465,Not AI,1,0,0,0.65
292473,2026-07-31,Centre for Development of Telematics excels in Intellectual Property creation with expanding portfolio of Patents and Awardees,https://archive.pib.gov.in/archive2/PrintRelease.aspx?relid=292473,Not AI,0,0,0,0.6
292486,2026-08-01,"Cabinet approves 'Samudra Manthan' - National Offshore Exploration Scheme with an outlay of ?84,084 crore",https://archive.pib.gov.in/archive2/PrintRelease.aspx?relid=292486,Policy,1,1,1,0.65
292488,2026-08-01,Naxal-Free India,https://archive.pib.gov.in/archive2/PrintRelease.aspx?relid=292488,Talk,1,1,1,0.65
292498,2026-08-01,English rendering of PM's address at the launch of development projects in Andhra Pradesh,https://archive.pib.gov.in/archive2/PrintRelease.aspx?relid=292498,Not AI,1,0,0,0.7
292501,2026-08-01,"Prime Minister Shri Narendra Modi lays the foundation stone, inaugurates and dedicates to the nation multiple development projects worth over ?17,900 crore in Bhogapuram in Vizianagaram, Andhra Pradesh",https://archive.pib.gov.in/archive2/PrintRelease.aspx?relid=292501,Not AI,1,0,0,0.7
292509,2026-08-01,Powering India's Technological Self-Reliance: How VCF-SC Enabled a Scheduled Caste Entrepreneur to Build an Advanced Electronics Manufacturing Enterprise,https://archive.pib.gov.in/archive2/PrintRelease.aspx?relid=292509,Not AI,0,0,0,0.8
292510,2026-08-01,NHAI Successfully Launches Multi-Lane Free Flow Tolling System at Shahjahanpur Toll Plaza on the Delhi-Jaipur Section of NH-48,https://archive.pib.gov.in/archive2/PrintRelease.aspx?relid=292510,Not AI,0,0,0,0.7
292513,2026-08-01,Union Textiles Minister Shri Giriraj Singh reaffirms Government's commitment to transforming India's cotton ecosystem at the 56th Foundation Day of CCI,https://archive.pib.gov.in/archive2/PrintRelease.aspx?relid=292513,Not AI,0,0,0,0.8
292514,2026-08-01,"English rendering of PM’s address during the inauguration of the Swami Vivekananda Cultural Youth Centre, Viveka Smaraka in Mysuru",https://archive.pib.gov.in/archive2/PrintRelease.aspx?relid=292514,Not AI,1,0,0,0.75
292519,2026-08-01,"Prime Minister Shri Narendra Modi inaugurates the Swami Vivekananda Cultural Youth Centre - Viveka Smaraka at Mysuru, Karnataka",https://archive.pib.gov.in/archive2/PrintRelease.aspx?relid=292519,Not AI,1,0,0,0.75
292534,2026-08-02,"Handloom Hackathon 2.0 Concludes at IIT Delhi, Showcasing Technology-led Innovations for India's Handloom Sector",https://archive.pib.gov.in/archive2/PrintRelease.aspx?relid=292534,Training,1,1,0,0.7
292543,2026-08-02,English rendering of PM’s speech at the launch of ‘Nasha Mukt Yuva for Viksit Bharat Sankalp Abhiyan’ via VC,https://archive.pib.gov.in/archive2/PrintRelease.aspx?relid=292543,Not AI,0,0,0,0.85
292546,2026-08-02,Prime Minister Shri Narendra Modi launches ‘Nasha Mukt Yuva for Viksit Bharat Sankalp Abhiyan’,https://archive.pib.gov.in/archive2/PrintRelease.aspx?relid=292546,Not AI,1,0,0,0.75
292548,2026-08-02,New Delhi to host “GI & Beyond 2.0 Summit” on 5 August,https://archive.pib.gov.in/archive2/PrintRelease.aspx?relid=292548,Talk,1,1,0,0.55
292552,2026-08-02,4th Tri-Services Future Warfare Course set to begin in New Delhi,https://archive.pib.gov.in/archive2/PrintRelease.aspx?relid=292552,Not AI,1,0,0,0.7
292554,2026-08-02,Empowering SC-led Innovation: How VCF-SC Enabled Thrishanku Technologies to Strengthen India's Defence Electronics Ecosystem,https://archive.pib.gov.in/archive2/PrintRelease.aspx?relid=292554,Funding,1,1,0,0.7
292555,2026-08-02,Transforming Waste into Wealth: How VCF-SC Enabled a Scheduled Caste Woman Entrepreneur to Build a Sustainable Rubber Recycling Enterprise,https://archive.pib.gov.in/archive2/PrintRelease.aspx?relid=292555,Not AI,0,0,0,0.8
292557,2026-08-02,Prime Minister Shri Narendra Modi Launches 'Nasha Mukt Yuva for Viksit Bharat Sankalp Abhiyan'; Calls Upon Every Citizen to Join the Movement,https://archive.pib.gov.in/archive2/PrintRelease.aspx?relid=292557,Not AI,1,0,0,0.75
292569,2026-08-03,Vehicle-to-Vehicle Communication Systems,https://archive.pib.gov.in/archive2/PrintRelease.aspx?relid=292569,Not AI,0,0,0,0.8
292575,2026-08-03,Military-civil integration key to a robust defence ecosystem to tackle emerging challenges: Raksha Mantri at AFHQ Civilian Services Day celebrations,https://archive.pib.gov.in/archive2/PrintRelease.aspx?relid=292575,Not AI,0,0,0,0.8
292577,2026-08-03,"Modernization of National Sample Surveys through adoption of digital platforms such as Computer Assisted Personal Interview (CAPI) integrated with e- sigma platform incorporating in-built validation checks, AI-enabled chatbot, and multilingual interfaces",https://archive.pib.gov.in/archive2/PrintRelease.aspx?relid=292577,Talk,1,1,1,0.55
292583,2026-08-03,New hybrid magneto rheometer can advance nano smart magnetorheological fluid technologies,https://archive.pib.gov.in/archive2/PrintRelease.aspx?relid=292583,Not AI,0,0,0,0.85
292584,2026-08-03,"Dr. Jitendra Singh appreciates CVC's sustained reforms in strengthening vigilance ecosystem, says pendency in disciplinary cases brought down sharply through systemic improvements",https://archive.pib.gov.in/archive2/PrintRelease.aspx?relid=292584,Not AI,1,0,0,0.65
292586,2026-08-03,Skill Development and Expanding Workforce,https://archive.pib.gov.in/archive2/PrintRelease.aspx?relid=292586,Training,1,1,0,0.75
292589,2026-08-03,Curriculum in ITIs,https://archive.pib.gov.in/archive2/PrintRelease.aspx?relid=292589,Training,1,1,0,0.75
292592,2026-08-03,DIGITAL TRANSFORMATION OF MUSEUMS AND CULTURAL INSTITUTIONS,https://archive.pib.gov.in/archive2/PrintRelease.aspx?relid=292592,AI system,1,1,2,0.6
292593,2026-08-03,"India achieves near-universal banking coverage, with 99.92% of inhabited villages now served by a banking outlet",https://archive.pib.gov.in/archive2/PrintRelease.aspx?relid=292593,AI system,1,1,2,0.8
292595,2026-08-03,The Making of a Sporting Nation,https://archive.pib.gov.in/archive2/PrintRelease.aspx?relid=292595,Talk,1,1,1,0.65
292600,2026-08-03,MODERNISATION OF THE POWER SECTOR AND RELIABLE ELECTRICITY SUPPLY,https://archive.pib.gov.in/archive2/PrintRelease.aspx?relid=292600,Not AI,0,0,0,0.9
292603,2026-08-03,Samudra Manthan – National Offshore Exploration Scheme,https://archive.pib.gov.in/archive2/PrintRelease.aspx?relid=292603,Funding,1,1,1,0.55
292605,2026-08-03,EVALUATIONS OF MEASURABLE OUTCOMES DELIVERED BY SCM,https://archive.pib.gov.in/archive2/PrintRelease.aspx?relid=292605,Not AI,0,0,0,0.9
292606,2026-08-03,CDS Addresses Participants at the Fourth Edition of Tri-Services Future Warfare Course,https://archive.pib.gov.in/archive2/PrintRelease.aspx?relid=292606,Not AI,1,0,0,0.7
292607,2026-08-03,CSIR–CRRI Flags Off Indigenous Network Survey Vehicle for Urban Road Monitoring; Launches Field Survey for CAQM-Supported Standard Framework Project in Delhi NCR,https://archive.pib.gov.in/archive2/PrintRelease.aspx?relid=292607,AI system,1,1,1,0.65
292619,2026-08-03,Strengthening Higher Education for Emerging Technologies,https://archive.pib.gov.in/archive2/PrintRelease.aspx?relid=292619,Training,1,1,0,0.75
292622,2026-08-03,Union Minister Shri Giriraj Singh inaugurates Centre of Excellence for Handloom Technology at IIT Delhi,https://archive.pib.gov.in/archive2/PrintRelease.aspx?relid=292622,Research,1,1,0,0.55
292625,2026-08-03,Establishment of Foreign Universities Campuses in India,https://archive.pib.gov.in/archive2/PrintRelease.aspx?relid=292625,Not AI,1,0,0,0.6
292628,2026-08-03,Mental Health of Students,https://archive.pib.gov.in/archive2/PrintRelease.aspx?relid=292628,Not AI,1,0,0,0.6
292630,2026-08-04,GI Tags: Scaling Traditional Wealth into Global Brands,https://archive.pib.gov.in/archive2/PrintRelease.aspx?relid=292630,Not AI,1,0,0,0.7
292634,2026-08-04,"On International Clouded Leopard Day, India Strengthens Conservation through Dedicated Conservation Action Plan for the Wild Cat",https://archive.pib.gov.in/archive2/PrintRelease.aspx?relid=292634,Not AI,0,0,0,0.9
292637,2026-08-04,"Under the leadership of Prime Minister Shri Narendra Modi and guidance of Union Home Minister Shri Amit Shah, 274 fugitive criminals were brought back to India from 36 countries between 2019 and 2026",https://archive.pib.gov.in/archive2/PrintRelease.aspx?relid=292637,Not AI,0,0,0,0.85
292640,2026-08-04,GRANTS TO STARTUPS IN TECHNICAL TEXTILES,https://archive.pib.gov.in/archive2/PrintRelease.aspx?relid=292640,Not AI,0,0,0,0.9
292642,2026-08-04,PLI SCHEME FOR TEXTILES,https://archive.pib.gov.in/archive2/PrintRelease.aspx?relid=292642,Not AI,0,0,0,0.9
292648,2026-08-04,Steps Taken to Promote Ayush Medicine,https://archive.pib.gov.in/archive2/PrintRelease.aspx?relid=292648,Not AI,0,0,0,0.9
292654,2026-08-04,"Quarterly Highlights of Action Against Unsolicited Commercial Communications (UCC) For the period 1st April, 2026 to 30th June, 2026 (Q1 of FY 2026-27)",https://archive.pib.gov.in/archive2/PrintRelease.aspx?relid=292654,AI system,1,1,1,0.6
292655,2026-08-04,ZERO TOLERANCE FOR DRUG TRAFFICKERS,https://archive.pib.gov.in/archive2/PrintRelease.aspx?relid=292655,Not AI,1,0,0,0.6
292661,2026-08-04,‘SEAFARER-FIRST’ INITIATIVE,https://archive.pib.gov.in/archive2/PrintRelease.aspx?relid=292661,Not AI,0,0,0,0.9
292670,2026-08-04,Measure undertaken to strengthen Health Research,https://archive.pib.gov.in/archive2/PrintRelease.aspx?relid=292670,Funding,1,1,0,0.6
292674,2026-08-04,Indigenous African Swine Fever (ASF) Vaccine Developed by ICAR Bolsters India's Biosecurity,https://archive.pib.gov.in/archive2/PrintRelease.aspx?relid=292674,Not AI,0,0,0,0.9
292676,2026-08-04,CROP DIVERSIFICATION AND MICRO IRRIGATION,https://archive.pib.gov.in/archive2/PrintRelease.aspx?relid=292676,Not AI,1,0,0,0.6
292685,2026-08-04,Meeting of Heads of National Statistical Offices of BRICS Countries,https://archive.pib.gov.in/archive2/PrintRelease.aspx?relid=292685,Talk,1,1,0,0.7
292686,2026-08-04,"C-DAC and Geological Survey of India sign Umbrella MoU to Strengthen Geoscience, Mineral Exploration and Disaster Management through Next-Generation Technologies",https://archive.pib.gov.in/archive2/PrintRelease.aspx?relid=292686,AI system,1,1,1,0.55
292704,2026-08-04,State-wise distribution of projects sanctioned under the “Scheme for Enhancement of Competitiveness in the Indian Capital Goods Sector- Phase-II,https://archive.pib.gov.in/archive2/PrintRelease.aspx?relid=292704,Not AI,0,0,0,0.9
292705,2026-08-04,"As on 10.07.2026, a total of 523 e-buses have been deployed across the country under the PM-eBus Sewa–PSM Scheme",https://archive.pib.gov.in/archive2/PrintRelease.aspx?relid=292705,Not AI,0,0,0,0.9
292717,2026-08-04,"BRICS-TCA Symposium and JMC Meeting Convenes under the Guidance of MSDE, Government of India",https://archive.pib.gov.in/archive2/PrintRelease.aspx?relid=292717,Talk,1,1,0,0.65
292721,2026-08-04,"Union Minister of State for Rural Development Dr. Pemmasani Chandrasekhar Reviews Progress of DDU-GKY 2.0, Calls for Timely Implementation and Digital Reforms",https://archive.pib.gov.in/archive2/PrintRelease.aspx?relid=292721,Not AI,0,0,0,0.9
292725,2026-08-05,NCS PORTAL,https://archive.pib.gov.in/archive2/PrintRelease.aspx?relid=292725,AI system,1,1,1,0.6
292729,2026-08-05,Roads Reimagined: The Rise of India’s Electric Vehicles Ecosystem,https://archive.pib.gov.in/archive2/PrintRelease.aspx?relid=292729,Talk,1,1,0,0.6
